mode,layer,class_name,base_rel_l2,target_rel_l2,diff_rel_l2,base_mae,target_mae,diff_mae,base_mse,target_mse,diff_mse,base_cosine,target_cosine,diff_cosine,base_samples,target_samples
pred,p2,bicycle,0.6965018168451923,0.6776453367803031,-0.01885648006488916,0.5796014837853137,0.5543056652625161,-0.02529581852279761,0.6874833803235629,0.6338966710920645,-0.05358670923149844,0.654641241911416,0.6722061316587532,0.017564889747337165,331,331
pred,p2,bus,0.6405116925636928,0.6557554125785827,0.015243720014889939,0.6236724140246709,0.6140381477276484,-0.009634266297022465,0.7779884384572506,0.7614699831604957,-0.016518455296754886,0.7051254626984398,0.6854253898064295,-0.019700072892010256,75,75
pred,p2,car,0.5813755472989511,0.5846207159645388,0.003245168665587661,0.5927973107812794,0.5690725134786951,-0.023724797302584255,0.7296525705410908,0.6760580596790715,-0.05359451086201927,0.7478846130292536,0.7438723013802553,-0.00401231164899829,478,478
pred,p2,motorcycle,0.6986664600910679,0.6616706745598906,-0.03699578553117733,0.5487856207996287,0.5093157172843974,-0.039469903515231275,0.6023274296794527,0.5266261662166285,-0.07570126346282424,0.6504722811351781,0.6836587144684683,0.03318643333329019,93,93
pred,p2,person,0.6569395583689659,0.6438627638424423,-0.01307679452652355,0.5201186529939014,0.49179607198719966,-0.028322581006701708,0.5695008706148166,0.5095162569496436,-0.05998461366517294,0.6863367604501104,0.701457148099648,0.015120387649537603,401,401
pred,p2,rider,0.6968483291124637,0.6768196736694324,-0.02002865544303134,0.5450755438137903,0.5145548342951672,-0.030520709518623068,0.6191769296251856,0.5591710396147823,-0.06000589001040324,0.6468035884085571,0.6635691080501914,0.016765519641634308,253,253
pred,p2,train,0.5976517098871145,0.5782833742824468,-0.019368335604667664,0.6233161091804504,0.586571841077371,-0.0367442681030794,0.7737394307147373,0.6866057218814438,-0.08713370883329352,0.7563178756020286,0.772516056895256,0.016198181293227476,22,22
pred,p2,truck,0.7011587793007493,0.6768139911815524,-0.024344788119196936,0.635738525353372,0.5964464006945491,-0.039292124658822924,0.7998518262989819,0.7183242877479643,-0.08152753855101758,0.6561344665940851,0.673508565244265,0.017374098650179803,80,80
pred,p3,bicycle,0.6889759108784336,0.6711365977622952,-0.0178393131161384,0.5316673736467823,0.5130868298184476,-0.01858054382833474,0.5766053502574519,0.538955508444312,-0.037649841813139906,0.652935228991432,0.6729579672746338,0.02002273828320178,331,331
pred,p3,bus,0.6668571197986602,0.6766039313872655,0.009746811588605242,0.5694639833768209,0.566898040274779,-0.0025659431020419454,0.6467831258972486,0.6495752634356419,0.0027921375383932467,0.6780782901247342,0.6615248092341547,-0.01655348089057951,75,75
pred,p3,car,0.6122782455297444,0.6148872452643875,0.002608999734643125,0.5484643692314375,0.5319629166914329,-0.01650145254000457,0.6248066976420955,0.5886226963177791,-0.03618400132431643,0.7142256162846344,0.7118828035705961,-0.002342812714038356,478,478
pred,p3,motorcycle,0.6651702140287686,0.6333917695027526,-0.03177844452601608,0.49942651310915587,0.4678761689092523,-0.031550344199903546,0.4927277698391868,0.4355193384752799,-0.05720843136390691,0.6807339562163237,0.7114361821052929,0.030702225888969203,93,93
pred,p3,person,0.639074420431011,0.6256430313139782,-0.013431389117032788,0.47449535187194475,0.4513414282714042,-0.023153923600540527,0.4694658848817026,0.4232098452811898,-0.04625603960051278,0.6984319699779524,0.7145004096879923,0.016068439710039906,401,401
pred,p3,rider,0.6730539933612696,0.6479110191226477,-0.025142974238621885,0.49656102338091657,0.47237821724339435,-0.024182806137522217,0.5107575318860736,0.4649222800618575,-0.04583525182421616,0.6665420108548413,0.6892882918261669,0.022746280971325583,253,253
pred,p3,train,0.6344962147149172,0.6057332903146744,-0.028762924400242862,0.5594230185855519,0.5298932133750482,-0.029529805210503635,0.6197005727074363,0.5618814819238402,-0.05781909078359604,0.7216880104758523,0.7443530613725836,0.02266505089673132,22,22
pred,p3,truck,0.705018637701869,0.676215915568173,-0.028802722133696057,0.5740623624995351,0.5430697714909911,-0.030992591008544013,0.6515787452459335,0.5912722304463387,-0.06030651479959481,0.6502674044982996,0.6709555667825043,0.02068816228420478,80,80
pred,p4,bicycle,0.6865822387651014,0.6727818109747866,-0.013800427790314762,0.5433659886215388,0.5084404032058406,-0.034925585415698235,0.5937069251182351,0.5234717507171375,-0.07023517440109761,0.652607184477443,0.6769800686257753,0.024372884148332274,331,331
pred,p4,bus,0.6859877882401149,0.6866072748104731,0.000619486570358263,0.6023724170525869,0.5888139966130257,-0.013558420439561236,0.7156101723512014,0.7017879241953293,-0.013822248155872074,0.6514138794690371,0.6474016081914306,-0.004012271277606505,75,75
pred,p4,car,0.6299775082103628,0.6347497372759436,0.004772229065580835,0.5755421314622319,0.5475787813755758,-0.02796335008665607,0.6780076634750611,0.6182939464822568,-0.059713716992804367,0.6951537982299613,0.6942864133665634,-0.0008673848633978798,478,478
pred,p4,motorcycle,0.6570985408559922,0.629203303366579,-0.02789523748941314,0.5133974699563878,0.4682441161524865,-0.045153353803901286,0.5119733379012154,0.42596613407455464,-0.08600720382666072,0.6927225622799127,0.7268571394585794,0.03413457717866675,93,93
pred,p4,person,0.6387838617598921,0.620170658254564,-0.018613203505328135,0.47866952317091,0.44332948330780514,-0.035340039863104855,0.4651331788514209,0.3991603372302696,-0.0659728416211513,0.7026402619231883,0.7282903047134528,0.025650042790264505,401,401
pred,p4,rider,0.6636362543160265,0.635223644406428,-0.028412609909598485,0.49939660704418604,0.46223712802345573,-0.0371594790207303,0.5030061990803056,0.4349713069276347,-0.06803489215267094,0.6808355071732826,0.713225150812167,0.03238964363888441,253,253
pred,p4,train,0.6699280427260832,0.6365712163123217,-0.033356826413761476,0.5934552218426358,0.5547593154690482,-0.03869590637358755,0.6953823317519643,0.6117852955040607,-0.0835970362479036,0.6782881505787373,0.7138421589677985,0.0355540083890612,22,22
pred,p4,truck,0.7108299730345606,0.6743168724700809,-0.03651310056447976,0.5788131793960929,0.5406132977455854,-0.03819988165050747,0.6617633253335953,0.5824617711827159,-0.07930155415087936,0.6436014071688987,0.6785707822069525,0.03496937503805386,80,80
pred,p5,bicycle,0.7100440292560082,0.7089376895719425,-0.0011063396840657047,0.48348345427444694,0.4585434488749576,-0.024940005399489318,0.4585072865985401,0.4114094451913931,-0.04709784140714701,0.6555357469890121,0.6718900488728933,0.016354301883881206,331,331
pred,p5,bus,0.7017385015885035,0.7024417042732238,0.0007032026847203499,0.5776083715756735,0.556432250738144,-0.02117612083752951,0.6690434963504474,0.630220187480251,-0.03882330887019636,0.6470541076920927,0.6484042153988654,0.0013501077067726852,75,75
pred,p5,car,0.6619460044982044,0.6752903211441,0.013344316645895637,0.5708408843585637,0.551470892698695,-0.019369991659868746,0.6645152428495273,0.6237323134163372,-0.040782929433190174,0.6776640811101163,0.6696683010787832,-0.007995780031333166,478,478
pred,p5,motorcycle,0.6849305580059687,0.6697604138684529,-0.015170144137515829,0.44047095650626766,0.4128307102508442,-0.02764024625542344,0.3625165150370649,0.3165173067721308,-0.04599920826493409,0.7005060126063645,0.726868153740001,0.026362141133636552,93,93
pred,p5,person,0.6723370026620547,0.669507946976997,-0.0028290556850576465,0.4412302786015216,0.4172893773922302,-0.023940901209291376,0.3792611801174662,0.33596998502145015,-0.04329119509601603,0.6950202858252009,0.7125716379418635,0.01755135211666259,401,401
pred,p5,rider,0.6890107910388072,0.6756829889748879,-0.01332780206391937,0.43392148410732095,0.40900942017673975,-0.024912063930581207,0.36905662436406367,0.32442400042748026,-0.044632623936583404,0.6881840485534649,0.7146006402644244,0.026416591710959447,253,253
pred,p5,train,0.7003474330360239,0.679001705890352,-0.021345727145671844,0.596814442764629,0.5543917986479673,-0.042422644116661745,0.7095675520937551,0.6076470335776155,-0.10192051851613959,0.6485025703229688,0.6776533516293223,0.029150781306353513,22,22
pred,p5,truck,0.728687708452344,0.7145244855433702,-0.01416322290897376,0.5352772403508425,0.5095856860280037,-0.02569155432283876,0.5748139145318418,0.5083426109049469,-0.0664713036268949,0.6440186208114028,0.6667438809992745,0.022725260187871688,80,80
