sample_idx,mode,mae,nmse,cosine
0,outdated,0.5493124127388,1.4530829191207886,0.5622596740722656
0,pred,0.4345415234565735,0.8851532936096191,0.6140322685241699
1,outdated,0.5434037446975708,0.8276045322418213,0.6601485013961792
1,pred,0.4728964865207672,0.5938265323638916,0.6839796900749207
2,outdated,0.3972320258617401,0.45659947395324707,0.7740746736526489
2,pred,0.37386733293533325,0.42307767271995544,0.7902938723564148
3,outdated,0.6200352907180786,1.9864170551300049,0.8822530508041382
3,pred,0.532246470451355,1.4525583982467651,0.9101983308792114
4,outdated,0.8631933927536011,1.5912461280822754,0.5626147985458374
4,pred,0.7274797558784485,1.1725425720214844,0.5401913523674011
5,outdated,0.849204957485199,1.5032755136489868,0.643444836139679
5,pred,0.7048015594482422,1.1730973720550537,0.6149647235870361
6,outdated,0.6850854754447937,1.0037057399749756,0.4069138765335083
6,pred,0.6415157914161682,0.9067782759666443,0.37303608655929565
7,outdated,0.9582058191299438,4.774840831756592,0.34659212827682495
7,pred,0.7674349546432495,3.0908310413360596,0.3411630392074585
8,outdated,0.7879793643951416,1.4034504890441895,0.7351329922676086
8,pred,0.6868589520454407,1.1258622407913208,0.7155794501304626
9,outdated,0.6902589797973633,0.5768853425979614,0.7174685597419739
9,pred,0.6063973903656006,0.4569006860256195,0.7396321892738342
10,outdated,1.0183863639831543,2.3799381256103516,0.5281253457069397
10,pred,0.7705464959144592,1.5565012693405151,0.6360042095184326
11,outdated,0.9937475919723511,1.6679340600967407,0.33892732858657837
11,pred,0.9358980655670166,1.3996303081512451,0.3475700914859772
12,outdated,0.5959122180938721,1.8071337938308716,0.8017494082450867
12,pred,0.3469623327255249,0.6664478778839111,0.8295487761497498
13,outdated,0.7304065227508545,1.1338520050048828,0.4634808301925659
13,pred,0.6431519985198975,1.0069764852523804,0.3895641565322876
14,outdated,0.8318321704864502,5.017261505126953,0.455295592546463
14,pred,0.6508787870407104,3.131361246109009,0.4447813630104065
15,outdated,1.0233466625213623,2.0470492839813232,0.5350881218910217
15,pred,0.8578116297721863,1.5924561023712158,0.5271990895271301
16,outdated,1.1388598680496216,0.9785681366920471,0.7197815775871277
16,pred,1.0986623764038086,0.9159661531448364,0.6904394030570984
17,outdated,0.9455640912055969,0.8423014283180237,0.5046800971031189
17,pred,0.8558453321456909,0.7233701944351196,0.5309870839118958
18,outdated,0.512459933757782,0.7771075963973999,0.5382395386695862
18,pred,0.5200563073158264,0.7211934924125671,0.5297209024429321
19,outdated,0.5080547332763672,0.4678809642791748,0.896790087223053
19,pred,0.47757720947265625,0.42750269174575806,0.9304373264312744
20,outdated,0.6825578212738037,1.000451922416687,0.4884265959262848
20,pred,0.6303536891937256,0.8875533938407898,0.4596479535102844
21,outdated,0.834693193435669,0.8139403462409973,0.7344250679016113
21,pred,0.8359207510948181,0.8636810183525085,0.6802058815956116
22,outdated,0.8314468860626221,1.4112497568130493,0.4612511694431305
22,pred,0.7694152593612671,1.210318922996521,0.3796592950820923
23,outdated,0.5015217661857605,0.3332720398902893,0.8199395537376404
23,pred,0.5723048448562622,0.4204029142856598,0.8193517923355103
24,outdated,0.8485345840454102,1.5517711639404297,0.3857007920742035
24,pred,0.7536099553108215,1.152632474899292,0.37749379873275757
25,outdated,0.5790038108825684,0.48976996541023254,0.7936379313468933
25,pred,0.5359236001968384,0.4184952676296234,0.7879348993301392
26,outdated,0.4617224335670471,0.8242294788360596,0.6752474308013916
26,pred,0.3820748031139374,0.5674014091491699,0.7218573689460754
27,outdated,0.9014189839363098,1.037118911743164,0.5071761608123779
27,pred,0.801027774810791,0.8981692790985107,0.4866963028907776
28,outdated,0.6532984972000122,1.0943074226379395,0.5904355645179749
28,pred,0.6189518570899963,1.0011259317398071,0.5054762959480286
29,outdated,0.518299400806427,0.6337758302688599,0.637943685054779
29,pred,0.5370173454284668,0.6864060759544373,0.6162072420120239
30,outdated,0.9179702997207642,0.7405173778533936,0.5577152967453003
30,pred,0.9473208785057068,0.8095889687538147,0.5617748498916626
31,outdated,1.0591835975646973,1.1368765830993652,0.5733533501625061
31,pred,1.021017074584961,1.0515167713165283,0.6133107542991638
32,outdated,0.4749888777732849,0.827876091003418,0.7029377818107605
32,pred,0.3718234896659851,0.48284828662872314,0.7460213303565979
33,outdated,0.36561018228530884,0.3331698179244995,0.8283462524414062
33,pred,0.4080880880355835,0.45409706234931946,0.81429123878479
34,outdated,0.681374192237854,0.615783154964447,0.6894542574882507
34,pred,0.5635296106338501,0.45737388730049133,0.7588428854942322
35,outdated,0.8528246283531189,1.528220772743225,0.5682530403137207
35,pred,0.7421983480453491,1.2349623441696167,0.4653635621070862
36,outdated,0.6887179017066956,1.4151835441589355,0.5008352398872375
36,pred,0.6290489435195923,1.05880606174469,0.5106725692749023
37,outdated,0.8437996506690979,1.8414266109466553,0.31881183385849
37,pred,0.7420929670333862,1.2935494184494019,0.3234412372112274
38,outdated,0.9659683108329773,1.9781508445739746,0.3291778266429901
38,pred,0.7318567037582397,1.1592482328414917,0.3871194124221802
39,outdated,0.5738399028778076,0.865243673324585,0.5384201407432556
39,pred,0.545727014541626,0.7047755718231201,0.54637610912323
40,outdated,0.5133304595947266,1.171080231666565,0.4699229896068573
40,pred,0.4697754681110382,0.9053192138671875,0.49003052711486816
41,outdated,0.7269165515899658,1.310070514678955,0.4778885245323181
41,pred,0.6634675860404968,1.001028060913086,0.4301368296146393
42,outdated,0.6057420969009399,1.0342655181884766,0.8508690595626831
42,pred,0.4499223232269287,0.5288586616516113,0.8312292695045471
43,outdated,0.8924449682235718,1.2598991394042969,0.35943910479545593
43,pred,0.8226571083068848,1.1073697805404663,0.21036668121814728
44,outdated,0.8672080039978027,3.9192867279052734,0.5255040526390076
44,pred,0.6562843918800354,2.210291624069214,0.4832196533679962
45,outdated,0.3388465642929077,0.8488184213638306,0.5874148607254028
45,pred,0.28887832164764404,0.6374399065971375,0.6187223792076111
46,outdated,0.5840752124786377,0.5753467082977295,0.7273638844490051
46,pred,0.48860615491867065,0.46882346272468567,0.732845664024353
47,outdated,0.9586760401725769,1.8060731887817383,0.050816815346479416
47,pred,0.8099466562271118,1.2820935249328613,0.08498667180538177
48,outdated,0.9179022908210754,0.8591594099998474,0.5995577573776245
48,pred,0.8575868606567383,0.7918949127197266,0.5932754278182983
49,outdated,0.6586934328079224,0.9487189650535583,0.649569034576416
49,pred,0.4850556254386902,0.5698188543319702,0.6896775960922241
50,outdated,0.8342580199241638,1.0768203735351562,0.31658345460891724
50,pred,0.7876440286636353,0.9298266768455505,0.31904810667037964
51,outdated,0.925716757774353,2.0697548389434814,0.6230451464653015
51,pred,0.7962198257446289,1.5502030849456787,0.6213763952255249
52,outdated,0.5471198558807373,0.5005174279212952,0.7656689882278442
52,pred,0.6360515356063843,0.5156455039978027,0.800342321395874
53,outdated,0.7651001811027527,0.9550483822822571,0.6494240760803223
53,pred,0.6224801540374756,0.6933344006538391,0.6395741701126099
54,outdated,0.6761549711227417,1.293527364730835,0.7025952339172363
54,pred,0.5897248387336731,0.9499244689941406,0.6745207905769348
55,outdated,0.6415767073631287,1.2505764961242676,0.544417679309845
55,pred,0.5997884273529053,1.0242009162902832,0.5526360869407654
56,outdated,0.5067886710166931,1.0971587896347046,0.5610695481300354
56,pred,0.4686618447303772,0.9530855417251587,0.4607522785663605
57,outdated,0.8168746829032898,1.4578040838241577,0.2578675150871277
57,pred,0.6972529888153076,1.0342230796813965,0.3385302722454071
58,outdated,0.7723408937454224,0.7306433320045471,0.5315791368484497
58,pred,0.7614198923110962,0.7360376119613647,0.5911497473716736
59,outdated,0.42145225405693054,0.5005919933319092,0.8171701431274414
59,pred,0.3488031029701233,0.33530309796333313,0.8285595178604126
60,outdated,0.6166080832481384,1.3279094696044922,0.32120952010154724
60,pred,0.5899738073348999,1.1213458776474,0.43365994095802307
61,outdated,0.6624525785446167,1.7997245788574219,0.8661862015724182
61,pred,0.585814893245697,1.376523733139038,0.8738110661506653
62,outdated,0.3941897749900818,0.44602400064468384,0.8192633986473083
62,pred,0.34437233209609985,0.30945885181427,0.8329572081565857
63,outdated,0.9220446348190308,3.7384231090545654,0.43795186281204224
63,pred,0.6716398000717163,2.079368829727173,0.5097891092300415
64,outdated,0.6601933240890503,2.1071105003356934,0.32688337564468384
64,pred,0.5139486193656921,1.4892563819885254,0.3298637568950653
65,outdated,0.7917585968971252,2.936119318008423,0.34860676527023315
65,pred,0.6294690370559692,1.8184632062911987,0.33271071314811707
66,outdated,0.776911735534668,2.9187498092651367,0.38839858770370483
66,pred,0.6651735305786133,2.1646065711975098,0.45119011402130127
67,outdated,0.606529176235199,1.4832675457000732,0.47943052649497986
67,pred,0.5645308494567871,1.0075050592422485,0.44556689262390137
68,outdated,0.8306868672370911,0.8550080060958862,0.7785840630531311
68,pred,0.6791738867759705,0.6342302560806274,0.7720648050308228
69,outdated,0.3760707378387451,0.2239415943622589,0.9088860154151917
69,pred,0.36018645763397217,0.22350801527500153,0.931397020816803
70,outdated,0.8676611185073853,1.6559675931930542,0.26460084319114685
70,pred,0.823639988899231,1.302599310874939,0.2545996606349945
71,outdated,0.5773746967315674,1.447403073310852,0.34169691801071167
71,pred,0.4947677552700043,0.9906018376350403,0.41559723019599915
72,outdated,0.7036709785461426,0.9300720691680908,0.41567739844322205
72,pred,0.6959919929504395,0.8624928593635559,0.41443800926208496
73,outdated,0.5475705862045288,0.6829794049263,0.6822225451469421
73,pred,0.49655425548553467,0.5729731917381287,0.7114381194114685
74,outdated,1.034374713897705,2.8507626056671143,0.24315324425697327
74,pred,0.8608489036560059,1.8978849649429321,0.16319891810417175
75,outdated,0.6352000832557678,1.7672451734542847,0.2543240785598755
75,pred,0.5966843366622925,1.4923325777053833,0.3133496940135956
76,outdated,0.5647872090339661,1.051759958267212,0.564042866230011
76,pred,0.5406968593597412,0.8175743222236633,0.5148105621337891
77,outdated,0.397375226020813,0.3055506646633148,0.9221510291099548
77,pred,0.4004879593849182,0.28408992290496826,0.9044061899185181
78,outdated,1.0089287757873535,1.9977071285247803,0.6314331889152527
78,pred,0.8955898284912109,1.4915544986724854,0.6009659767150879
79,outdated,0.9393813014030457,6.456820011138916,0.6709302663803101
79,pred,0.6534431576728821,3.23710036277771,0.7446414232254028
80,outdated,0.8044120669364929,4.862797260284424,0.30325847864151
80,pred,0.5835973024368286,2.694275140762329,0.23468998074531555
81,outdated,0.9207092523574829,1.3969241380691528,0.4854126274585724
81,pred,0.7650187015533447,0.9375646710395813,0.5088502764701843
82,outdated,0.5336130857467651,0.9401286840438843,0.35810670256614685
82,pred,0.5318119525909424,0.9436020255088806,0.3128160536289215
83,outdated,0.6059880256652832,0.9429925084114075,0.6692607402801514
83,pred,0.6057697534561157,0.7425113320350647,0.7315377593040466
84,outdated,0.7344633340835571,1.640936255455017,0.49646303057670593
84,pred,0.6529068350791931,1.220262885093689,0.5732302665710449
85,outdated,0.38411206007003784,0.5449436902999878,0.7034740447998047
85,pred,0.42642518877983093,0.6092997789382935,0.6513028144836426
86,outdated,0.536625862121582,0.49933451414108276,0.7927864789962769
86,pred,0.4847548007965088,0.4789040684700012,0.7471605539321899
87,outdated,0.9326528310775757,3.8826184272766113,0.34815850853919983
87,pred,0.7103082537651062,2.3138046264648438,0.2375253140926361
88,outdated,0.7645883560180664,2.0637502670288086,0.5426653027534485
88,pred,0.6449985504150391,1.5705623626708984,0.5658895969390869
89,outdated,0.7133678197860718,1.0131263732910156,0.442404568195343
89,pred,0.6512385606765747,0.8713707327842712,0.4643121361732483
90,outdated,0.8051015138626099,1.1710628271102905,0.4264630377292633
90,pred,0.7457261085510254,1.0212947130203247,0.42511072754859924
91,outdated,0.9155126810073853,1.5948320627212524,0.15115231275558472
91,pred,0.8307191133499146,1.1809390783309937,0.16982388496398926
92,outdated,0.7640551328659058,2.032153367996216,0.5632873773574829
92,pred,0.5837435722351074,1.361162543296814,0.5697253942489624
93,outdated,0.6062481999397278,1.5426650047302246,0.6825692653656006
93,pred,0.5391604900360107,1.1132787466049194,0.7086740136146545
94,outdated,0.5069146156311035,1.807029128074646,0.44176602363586426
94,pred,0.4686373174190521,1.4799669981002808,0.4577828645706177
95,outdated,0.6275132894515991,1.2756848335266113,0.8278204798698425
95,pred,0.49246296286582947,0.7608553171157837,0.7662741541862488
96,outdated,0.9439513683319092,2.282658100128174,0.32954296469688416
96,pred,0.769314169883728,1.4449061155319214,0.30318984389305115
97,outdated,0.7604372501373291,1.1890580654144287,0.5193668603897095
97,pred,0.6749586462974548,1.0180940628051758,0.3932023346424103
98,outdated,0.5187702775001526,0.3774789869785309,0.7951545715332031
98,pred,0.6130908727645874,0.45269185304641724,0.7974024415016174
99,outdated,0.6322716474533081,1.1912239789962769,0.6512517929077148
99,pred,0.5007442235946655,0.8049775958061218,0.6427086591720581
100,outdated,0.4357607960700989,0.5411206483840942,0.8474161624908447
100,pred,0.3781241774559021,0.39610815048217773,0.8654130697250366
101,outdated,0.6156319379806519,0.8325832486152649,0.5935455560684204
101,pred,0.5133870244026184,0.7083407640457153,0.6627960801124573
102,outdated,0.917081356048584,3.933767318725586,0.39182883501052856
102,pred,0.7345526218414307,2.5239181518554688,0.38073813915252686
103,outdated,0.671070396900177,0.7860442996025085,0.48845168948173523
103,pred,0.6746149063110352,0.7330836653709412,0.5513995289802551
104,outdated,1.2019929885864258,1.8709962368011475,0.3337290585041046
104,pred,1.0583621263504028,1.3943036794662476,0.2912106513977051
105,outdated,0.4212847650051117,0.5470966100692749,0.9062469601631165
105,pred,0.3163328766822815,0.265678346157074,0.9419971108436584
106,outdated,0.6771674156188965,0.5269927978515625,0.7100309133529663
106,pred,0.6698529720306396,0.5471736788749695,0.759955644607544
107,outdated,0.5652650594711304,1.0115872621536255,0.7507121562957764
107,pred,0.47510963678359985,0.676847517490387,0.7793750762939453
108,outdated,0.6485745906829834,3.005847930908203,0.21468603610992432
108,pred,0.48796266317367554,1.7891923189163208,0.21928736567497253
109,outdated,0.6068199872970581,0.7537223696708679,0.5640267729759216
109,pred,0.6166556477546692,0.8037735223770142,0.5076731443405151
110,outdated,0.4953903555870056,1.1032390594482422,0.4842822551727295
110,pred,0.4930292069911957,0.9684845209121704,0.4334467351436615
111,outdated,0.4258905351161957,0.36719849705696106,0.8143731951713562
111,pred,0.43183648586273193,0.386239230632782,0.8018290996551514
112,outdated,0.8332148194313049,1.2411277294158936,0.4910217821598053
112,pred,0.7149785757064819,0.9385073184967041,0.4861622154712677
113,outdated,0.5629169940948486,0.686799168586731,0.7048559784889221
113,pred,0.5057473182678223,0.5789564847946167,0.7039926052093506
114,outdated,0.823113203048706,2.208061933517456,0.12931381165981293
114,pred,0.6893700361251831,1.4704099893569946,0.08850288391113281
115,outdated,0.8667210340499878,2.902998924255371,0.18608006834983826
115,pred,0.6441928744316101,1.717753529548645,0.19341644644737244
116,outdated,0.8318219184875488,2.159599542617798,0.7131495475769043
116,pred,0.709892988204956,1.5624704360961914,0.6994786262512207
117,outdated,0.4637690484523773,0.42912909388542175,0.7653316855430603
117,pred,0.4550343453884125,0.45045965909957886,0.7877512574195862
118,outdated,0.7878525257110596,1.2294154167175293,0.297154039144516
118,pred,0.6498545408248901,0.9698408842086792,0.330953449010849
119,outdated,0.7851779460906982,2.123328447341919,0.6689348816871643
119,pred,0.6799353361129761,1.4944064617156982,0.5960503220558167
120,outdated,0.5488523244857788,1.3669365644454956,0.45639756321907043
120,pred,0.5202984809875488,1.0657858848571777,0.4601166248321533
121,outdated,0.9978939294815063,2.191650867462158,0.6082636117935181
121,pred,0.8645268082618713,1.6302471160888672,0.5811922550201416
122,outdated,0.7600891590118408,2.2907376289367676,0.11995434761047363
122,pred,0.6355454325675964,1.7062867879867554,0.10064420849084854
123,outdated,0.5670250654220581,1.991454839706421,0.4235878586769104
123,pred,0.4341428577899933,1.1911907196044922,0.4706248641014099
124,outdated,0.679908812046051,1.0378832817077637,0.5484618544578552
124,pred,0.6068458557128906,0.881600022315979,0.5536686182022095
125,outdated,0.5402109622955322,0.7117677330970764,0.6729190349578857
125,pred,0.5108751058578491,0.6036744713783264,0.6326773166656494
126,outdated,0.8947935700416565,0.8697459697723389,0.414949506521225
126,pred,0.8724119663238525,0.8386310338973999,0.4529518485069275
127,outdated,0.8055992722511292,0.8489245176315308,0.5528100728988647
127,pred,0.7502196431159973,0.8597391247749329,0.49181482195854187
128,outdated,0.615437924861908,1.0115538835525513,0.6994081139564514
128,pred,0.527633547782898,0.776348888874054,0.6753680109977722
129,outdated,0.43977081775665283,0.43228453397750854,0.845558226108551
129,pred,0.37270358204841614,0.3103463649749756,0.8388471603393555
130,outdated,0.627125084400177,1.3192956447601318,0.39926278591156006
130,pred,0.5971348881721497,1.1205761432647705,0.3171157240867615
131,outdated,0.5082640647888184,0.5129170417785645,0.7515386343002319
131,pred,0.48780879378318787,0.5567745566368103,0.7412177324295044
132,outdated,0.8395098447799683,1.1811840534210205,0.38261932134628296
132,pred,0.8046653270721436,1.0172736644744873,0.3276843726634979
133,outdated,0.5000581741333008,0.911376416683197,0.6453935503959656
133,pred,0.4787371754646301,0.7913747429847717,0.6128191947937012
134,outdated,0.8347741365432739,1.698799729347229,0.0673321858048439
134,pred,0.7414318919181824,1.3877102136611938,0.06616301089525223
135,outdated,1.0337212085723877,2.6930596828460693,0.37388134002685547
135,pred,0.8433781266212463,1.7625490427017212,0.3167807161808014
136,outdated,0.6919869184494019,0.8611176013946533,0.7349017858505249
136,pred,0.5776712894439697,0.7845879197120667,0.6944511532783508
137,outdated,0.9014187455177307,1.3377915620803833,0.29662370681762695
137,pred,0.8190720081329346,1.1111632585525513,0.2960090637207031
138,outdated,0.4813062846660614,0.6440087556838989,0.7179088592529297
138,pred,0.395060658454895,0.5279653072357178,0.6914471983909607
139,outdated,0.566677451133728,0.7521471381187439,0.717566967010498
139,pred,0.5853292942047119,0.7067760229110718,0.7186588048934937
140,outdated,0.8014479875564575,1.901426076889038,0.15138587355613708
140,pred,0.6589269638061523,1.3505874872207642,0.0910780057311058
141,outdated,0.40887877345085144,1.4839192628860474,0.7288152575492859
141,pred,0.27657634019851685,0.6305484175682068,0.7603089213371277
142,outdated,0.853272020816803,4.236021518707275,0.36097580194473267
142,pred,0.7394458055496216,2.9315545558929443,0.4266626536846161
143,outdated,0.6897477507591248,0.8775386214256287,0.6701919436454773
143,pred,0.6321825981140137,0.7224549055099487,0.6098741888999939
144,outdated,0.6241185665130615,1.7106126546859741,0.4063743054866791
144,pred,0.5050628185272217,1.083785891532898,0.42585289478302
145,outdated,0.6145592927932739,1.1007355451583862,0.6398440599441528
145,pred,0.5234033465385437,0.8549560904502869,0.6819707751274109
146,outdated,0.9297045469284058,1.2601557970046997,0.0579695887863636
146,pred,0.8646154403686523,1.0703654289245605,0.11042357236146927
147,outdated,0.8078221082687378,3.8176865577697754,0.5873072743415833
147,pred,0.6513234376907349,2.25162935256958,0.6472166180610657
148,outdated,0.430267870426178,0.28906378149986267,0.844668984413147
148,pred,0.46881914138793945,0.3535688817501068,0.8560073375701904
149,outdated,0.9879123568534851,2.6718809604644775,0.36869490146636963
149,pred,0.8609201312065125,1.9900705814361572,0.3917156457901001
150,outdated,0.5118723511695862,1.0219154357910156,0.14380396902561188
150,pred,0.5066802501678467,1.044155240058899,0.0880931094288826
151,outdated,0.6931305527687073,1.6350082159042358,0.49917176365852356
151,pred,0.5636602640151978,1.071629285812378,0.44948872923851013
152,outdated,0.5959351062774658,2.010472059249878,0.4973795413970947
152,pred,0.46905991435050964,1.3859851360321045,0.4675152003765106
153,outdated,0.4580589532852173,0.8636935353279114,0.6658437848091125
153,pred,0.42313849925994873,0.6323456168174744,0.6751426458358765
154,outdated,0.7127664089202881,1.3264365196228027,0.7928247451782227
154,pred,0.6779972910881042,1.175453543663025,0.8160134553909302
155,outdated,0.9797878265380859,2.366382122039795,0.426888108253479
155,pred,0.7867932319641113,1.737868309020996,0.501684844493866
156,outdated,0.6267707347869873,0.9772646427154541,0.3731592893600464
156,pred,0.6353693604469299,0.8608092069625854,0.4717559218406677
157,outdated,0.5636637210845947,0.5269068479537964,0.7456656098365784
157,pred,0.5742651224136353,0.5228230357170105,0.7229198813438416
158,outdated,0.8256456851959229,1.0848057270050049,0.6453799605369568
158,pred,0.6890223026275635,0.7481898069381714,0.6244750022888184
159,outdated,0.45373356342315674,1.2453687191009521,0.5601180195808411
159,pred,0.3444278836250305,0.7586442232131958,0.6206680536270142
160,outdated,0.9627134799957275,1.4986804723739624,0.5577951073646545
160,pred,0.8326854705810547,1.175069808959961,0.6418377757072449
161,outdated,0.6485946774482727,0.51347416639328,0.8342059850692749
161,pred,0.7374628782272339,0.6463176608085632,0.8277707695960999
162,outdated,1.0989570617675781,1.5503257513046265,0.32320040464401245
162,pred,0.9665296077728271,1.2350854873657227,0.20857368409633636
163,outdated,0.7716176509857178,1.1166260242462158,0.36496832966804504
163,pred,0.639018177986145,0.9666742086410522,0.328296035528183
164,outdated,0.46592938899993896,1.3479416370391846,0.6242773532867432
164,pred,0.4079756438732147,0.9877895712852478,0.5192780494689941
165,outdated,0.48464611172676086,1.0131072998046875,0.7014351487159729
165,pred,0.3618801236152649,0.560350239276886,0.7408724427223206
166,outdated,1.1330642700195312,3.827147960662842,0.7956691384315491
166,pred,0.9364309310913086,2.6251964569091797,0.7196828722953796
167,outdated,0.49939483404159546,0.737786054611206,0.6620432138442993
167,pred,0.4929412603378296,0.6547859907150269,0.626862645149231
168,outdated,0.623015820980072,0.8190243244171143,0.6426903605461121
168,pred,0.6101431250572205,0.8065837025642395,0.5985171794891357
169,outdated,1.0416312217712402,1.15378999710083,0.5162250399589539
169,pred,0.9889727830886841,1.0406255722045898,0.4993837773799896
170,outdated,0.7048709988594055,2.446383237838745,0.45152583718299866
170,pred,0.5497139692306519,1.6345598697662354,0.5426734685897827
171,outdated,0.6328578591346741,1.37941575050354,0.4872758984565735
171,pred,0.580477774143219,1.1613903045654297,0.519341766834259
172,outdated,0.7555674910545349,0.7402946352958679,0.5354968905448914
172,pred,0.7524445056915283,0.7107874751091003,0.5761643052101135
173,outdated,0.4787822365760803,0.3908510208129883,0.8014577627182007
173,pred,0.5942773818969727,0.5028813481330872,0.7424765825271606
174,outdated,0.7161099314689636,2.3040518760681152,0.6665117740631104
174,pred,0.5073860883712769,1.1746073961257935,0.7119163274765015
175,outdated,0.5648556351661682,0.7692676186561584,0.6033915877342224
175,pred,0.5262007117271423,0.6881439685821533,0.5942373275756836
176,outdated,0.4785659909248352,0.8480573296546936,0.7020980715751648
176,pred,0.44039803743362427,0.7474437952041626,0.7509019374847412
177,outdated,0.47033700346946716,0.7633865475654602,0.6223282217979431
177,pred,0.457312673330307,0.7270036935806274,0.5553016662597656
178,outdated,0.6404786705970764,1.360426902770996,0.3550451397895813
178,pred,0.643451452255249,1.1390119791030884,0.3087182641029358
179,outdated,0.4734499752521515,0.5575190782546997,0.7927870750427246
179,pred,0.47659832239151,0.5143656730651855,0.8392277359962463
180,outdated,0.9587224721908569,1.3906673192977905,0.5126841068267822
180,pred,0.7798840403556824,0.8852983713150024,0.5161279439926147
181,outdated,0.8933916687965393,1.179251790046692,0.4620817005634308
181,pred,0.8421280384063721,1.0025187730789185,0.3834019601345062
182,outdated,0.5857308506965637,0.5200707316398621,0.7997103333473206
182,pred,0.5007142424583435,0.40235134959220886,0.8210498094558716
183,outdated,0.7578163743019104,0.9931244850158691,0.45439958572387695
183,pred,0.6623790264129639,0.797240138053894,0.47885656356811523
184,outdated,0.8111182451248169,2.439321517944336,0.34776851534843445
184,pred,0.5822828412055969,1.2142307758331299,0.4361869692802429
185,outdated,0.5786629319190979,0.9520094990730286,0.8408554196357727
185,pred,0.3921293318271637,0.36816471815109253,0.8644468188285828
186,outdated,0.705498456954956,1.9940805435180664,0.2975694537162781
186,pred,0.6147700548171997,1.5748077630996704,0.2709875702857971
187,outdated,0.791773796081543,1.774918794631958,0.13235799968242645
187,pred,0.752298891544342,1.451154351234436,0.11687148362398148
188,outdated,0.6975854635238647,1.1438697576522827,0.29269248247146606
188,pred,0.6658795475959778,1.0053045749664307,0.3092147707939148
189,outdated,0.34684526920318604,0.6960488557815552,0.7248519062995911
189,pred,0.389803946018219,0.8194147348403931,0.6838826537132263
190,outdated,0.8550834655761719,1.8657528162002563,0.3478659987449646
190,pred,0.724510908126831,1.3040419816970825,0.40976855158805847
191,outdated,0.566111147403717,0.5110667943954468,0.795451283454895
191,pred,0.5145930051803589,0.3815665543079376,0.8010321259498596
192,outdated,0.5819846987724304,0.47715866565704346,0.7252153158187866
192,pred,0.6463104486465454,0.5891581773757935,0.6877952814102173
193,outdated,0.8420809507369995,1.893498182296753,0.416994571685791
193,pred,0.6159042119979858,1.0924432277679443,0.45961523056030273
194,outdated,0.4469212293624878,0.47564154863357544,0.7400906085968018
194,pred,0.500438928604126,0.5634500980377197,0.6736239790916443
195,outdated,0.7536925077438354,1.2737244367599487,0.5541631579399109
195,pred,0.6142396926879883,0.8858612179756165,0.5648066997528076
196,outdated,0.8311367034912109,2.764835834503174,0.7378825545310974
196,pred,0.7260844707489014,1.9696226119995117,0.7132167220115662
197,outdated,0.5449264049530029,1.2640141248703003,0.37249132990837097
197,pred,0.5291315317153931,1.1092524528503418,0.32896679639816284
198,outdated,0.7680935859680176,1.9735904932022095,0.34388235211372375
198,pred,0.6274889707565308,1.3282321691513062,0.45169487595558167
199,outdated,0.5913438200950623,1.0571283102035522,0.8383997678756714
199,pred,0.3760813772678375,0.46484407782554626,0.8124136328697205
200,outdated,0.4679340124130249,0.6396735310554504,0.7269783616065979
200,pred,0.45360881090164185,0.5711501836776733,0.7357839345932007
201,outdated,0.585635781288147,1.4007488489151,0.5693193078041077
201,pred,0.5007134079933167,0.9782088994979858,0.58443284034729
202,outdated,0.6129810810089111,0.5789879560470581,0.7053883671760559
202,pred,0.650302529335022,0.5703459978103638,0.7121210694313049
203,outdated,0.9436519145965576,1.9540032148361206,0.36136534810066223
203,pred,0.735180139541626,1.2323439121246338,0.3637886941432953
204,outdated,0.720687747001648,1.1083723306655884,0.5438209772109985
204,pred,0.6787311434745789,0.922248125076294,0.560979425907135
205,outdated,1.004175066947937,2.0092666149139404,0.4410504698753357
205,pred,0.9270858764648438,1.6577576398849487,0.5147597789764404
206,outdated,0.8583288788795471,1.6330379247665405,0.7566595673561096
206,pred,0.7900000810623169,1.3569378852844238,0.7626942992210388
207,outdated,0.5083208084106445,0.7488722205162048,0.5168293118476868
207,pred,0.4259747266769409,0.7339757680892944,0.5352850556373596
208,outdated,0.9910181760787964,1.102250576019287,0.1631346046924591
208,pred,0.9901751279830933,1.0787791013717651,0.05955004319548607
209,outdated,0.640468955039978,2.292470693588257,0.6577931046485901
209,pred,0.5142362117767334,1.328273057937622,0.5846894979476929
210,outdated,0.8210300207138062,1.898224115371704,0.5545853972434998
210,pred,0.6074599027633667,1.1042852401733398,0.5174623131752014
211,outdated,0.6861764192581177,1.5289040803909302,0.7227234244346619
211,pred,0.558030366897583,1.006590485572815,0.598336398601532
212,outdated,0.3383828103542328,1.4399993419647217,0.6353734731674194
212,pred,0.3353416323661804,1.0488873720169067,0.5655211806297302
213,outdated,0.6101323366165161,1.2256395816802979,0.737801730632782
213,pred,0.4829024374485016,0.8335933089256287,0.6785828471183777
214,outdated,0.45129406452178955,0.5302769541740417,0.7920190691947937
214,pred,0.3885435461997986,0.4583245515823364,0.7689250111579895
215,outdated,0.9943563342094421,1.0491517782211304,0.3715604841709137
215,pred,0.9454915523529053,0.9881035089492798,0.3035361170768738
216,outdated,0.7584887742996216,1.3631452322006226,0.4735390543937683
216,pred,0.6348000764846802,0.8995633125305176,0.5118556618690491
217,outdated,0.6496639251708984,1.629555583000183,0.6797652244567871
217,pred,0.5729857683181763,1.2567522525787354,0.6792646050453186
218,outdated,0.91703861951828,3.863912343978882,0.6522378325462341
218,pred,0.7120053172111511,2.518352508544922,0.6415010094642639
219,outdated,0.8252502679824829,2.693138599395752,0.3500794470310211
219,pred,0.6954641938209534,1.8788073062896729,0.3064998686313629
220,outdated,0.6570295095443726,0.7660568952560425,0.5976236462593079
220,pred,0.6715152263641357,0.7415984869003296,0.5467954277992249
221,outdated,0.8654887676239014,1.608089566230774,0.3278100788593292
221,pred,0.847000241279602,1.4154564142227173,0.3191058337688446
222,outdated,0.6539034843444824,0.462909460067749,0.739372968673706
222,pred,0.6407071948051453,0.47248440980911255,0.7435094118118286
223,outdated,0.9945353269577026,0.979452908039093,0.28532400727272034
223,pred,0.9635627269744873,0.9504027962684631,0.26087838411331177
224,outdated,0.3338364362716675,0.13667872548103333,0.9583051204681396
224,pred,0.4455617070198059,0.2863258719444275,0.9371263384819031
225,outdated,0.840066134929657,0.6087525486946106,0.6396772265434265
225,pred,0.8203675746917725,0.6278507113456726,0.6394945383071899
226,outdated,0.9862527251243591,0.8861252069473267,0.46654826402664185
226,pred,1.0047879219055176,0.927253246307373,0.3980787396430969
227,outdated,0.7373883128166199,1.667598843574524,0.9198665618896484
227,pred,0.61763995885849,1.2167006731033325,0.9080231189727783
228,outdated,0.5107228755950928,0.8150317072868347,0.7110571265220642
228,pred,0.4664953947067261,0.7161893248558044,0.7513676881790161
229,outdated,0.7540071606636047,1.2760835886001587,0.4340711534023285
229,pred,0.6423711776733398,1.0089404582977295,0.4593435823917389
230,outdated,0.7980234622955322,0.8211734890937805,0.5766634941101074
230,pred,0.7402361631393433,0.8084525465965271,0.6004151701927185
231,outdated,0.5349670052528381,1.5349302291870117,0.4162532091140747
231,pred,0.49492666125297546,1.2257027626037598,0.34971481561660767
232,outdated,0.9347161054611206,2.2608954906463623,0.6795435547828674
232,pred,0.8487629890441895,1.8577231168746948,0.648126482963562
233,outdated,0.8269978165626526,2.4641568660736084,0.5250676274299622
233,pred,0.7007659673690796,1.6930828094482422,0.476980984210968
234,outdated,0.6116766929626465,0.5927169322967529,0.8476124405860901
234,pred,0.5341761708259583,0.3796806335449219,0.8513794541358948
235,outdated,0.8759360313415527,2.7985153198242188,0.5081332921981812
235,pred,0.6911684274673462,1.8224232196807861,0.5467494130134583
236,outdated,0.45957377552986145,0.40937015414237976,0.7741847038269043
236,pred,0.5230029225349426,0.4435189366340637,0.7759321331977844
237,outdated,0.9433007836341858,0.979989230632782,0.20954084396362305
237,pred,0.9216728210449219,0.9447808861732483,0.23935413360595703
238,outdated,0.5693391561508179,0.77518230676651,0.6770530939102173
238,pred,0.5955806374549866,0.8289657831192017,0.6432599425315857
239,outdated,0.7567192912101746,3.5614378452301025,0.3330395817756653
239,pred,0.6173002123832703,2.128962278366089,0.30556073784828186
240,outdated,0.9129653573036194,1.8452599048614502,0.2895706295967102
240,pred,0.7750705480575562,1.3742268085479736,0.2914850413799286
241,outdated,0.8607747554779053,3.3005263805389404,0.43586647510528564
241,pred,0.6665332913398743,1.9481481313705444,0.44091811776161194
242,outdated,0.8863697648048401,2.2704102993011475,0.25795668363571167
242,pred,0.7165852189064026,1.5142097473144531,0.20010221004486084
243,outdated,0.6520055532455444,0.6619883179664612,0.6740937232971191
243,pred,0.6331709623336792,0.6014926433563232,0.6816890239715576
244,outdated,0.47033125162124634,2.595860242843628,0.7684362530708313
244,pred,0.36774465441703796,1.4827709197998047,0.750184953212738
245,outdated,0.851668119430542,3.6000561714172363,0.37078604102134705
245,pred,0.7299766540527344,2.5281801223754883,0.36816102266311646
246,outdated,0.7056298851966858,1.5508071184158325,0.4823239743709564
246,pred,0.6200647354125977,1.1597986221313477,0.37084007263183594
247,outdated,0.6150287389755249,2.365569829940796,0.09731333702802658
247,pred,0.5778523683547974,1.727403163909912,0.15588919818401337
248,outdated,0.7954089045524597,1.593360424041748,0.5109994411468506
248,pred,0.6754500865936279,1.1173560619354248,0.5068771243095398
249,outdated,0.8059637546539307,2.01705265045166,0.41432490944862366
249,pred,0.7055190801620483,1.5690947771072388,0.45426619052886963
250,outdated,0.8008843660354614,1.3753111362457275,0.2886066436767578
250,pred,0.7179114818572998,1.1419720649719238,0.20703761279582977
251,outdated,0.4693525731563568,0.7168058156967163,0.8214693665504456
251,pred,0.3224935531616211,0.3218424618244171,0.8567883372306824
252,outdated,0.6659418344497681,0.8588411808013916,0.4407862722873688
252,pred,0.6141968965530396,0.7713852524757385,0.47994211316108704
253,outdated,0.9706483483314514,1.1692270040512085,0.5229030847549438
253,pred,0.8860663175582886,1.0323907136917114,0.4089655578136444
254,outdated,0.45493417978286743,0.8739073872566223,0.723400354385376
254,pred,0.4170582592487335,0.6803343892097473,0.6644574999809265
255,outdated,0.5683104991912842,3.2945821285247803,0.6356598734855652
255,pred,0.447954386472702,2.1873397827148438,0.6526692509651184
256,outdated,1.07388174533844,3.664841413497925,0.354438453912735
256,pred,0.8051713705062866,2.2306456565856934,0.33674395084381104
257,outdated,0.6539331078529358,1.711780309677124,0.37592974305152893
257,pred,0.5561677813529968,1.3034613132476807,0.33555567264556885
258,outdated,0.5778121948242188,3.0160531997680664,0.5041171312332153
258,pred,0.472471684217453,1.9200935363769531,0.44205763936042786
259,outdated,0.508628249168396,0.7103782296180725,0.559308648109436
259,pred,0.5714144110679626,0.7772067785263062,0.48914065957069397
260,outdated,0.669241189956665,1.3688877820968628,0.4241372346878052
260,pred,0.5732368230819702,1.03536856174469,0.36848410964012146
261,outdated,0.6702662706375122,1.1983991861343384,0.44850653409957886
261,pred,0.6502588987350464,1.0599116086959839,0.3716129660606384
262,outdated,0.6135578751564026,0.4277052879333496,0.8982022404670715
262,pred,0.6360363960266113,0.43387821316719055,0.9029890894889832
263,outdated,0.49702516198158264,1.6757782697677612,0.5237023234367371
263,pred,0.37617987394332886,0.883863627910614,0.6144205927848816
264,outdated,0.8009567260742188,2.2976725101470947,0.34490036964416504
264,pred,0.6784085035324097,1.7342298030853271,0.34736788272857666
265,outdated,0.41832995414733887,0.9927248954772949,0.6361355185508728
265,pred,0.4221378266811371,0.8174117803573608,0.6672623753547668
266,outdated,0.7982657551765442,1.0651031732559204,0.5376721024513245
266,pred,0.7062567472457886,0.7510372996330261,0.5585302114486694
267,outdated,0.7008591294288635,0.9174845814704895,0.5193666815757751
267,pred,0.6347801685333252,0.8323078751564026,0.48357218503952026
268,outdated,0.5488322377204895,1.2495434284210205,0.4769379198551178
268,pred,0.48103463649749756,0.9346246719360352,0.435145765542984
269,outdated,0.6795753240585327,1.3771218061447144,0.06950507313013077
269,pred,0.5921961069107056,1.0982701778411865,0.1265232115983963
270,outdated,0.4187714457511902,0.5247541069984436,0.7969499230384827
270,pred,0.36475709080696106,0.39160239696502686,0.780224621295929
271,outdated,0.8926928043365479,1.646386981010437,0.48913654685020447
271,pred,0.7791996002197266,1.1797529458999634,0.5101740956306458
272,outdated,0.7313164472579956,1.0461350679397583,0.45164254307746887
272,pred,0.6094433665275574,0.8062753081321716,0.46393993496894836
273,outdated,0.7595022916793823,1.0575727224349976,0.7131136059761047
273,pred,0.636440634727478,0.7337679266929626,0.7616453170776367
274,outdated,0.4832744002342224,0.8578789234161377,0.568897545337677
274,pred,0.43941569328308105,0.7253594994544983,0.6217044591903687
275,outdated,0.7590020298957825,1.4274400472640991,0.24843521416187286
275,pred,0.654041051864624,1.0853339433670044,0.2780727446079254
276,outdated,0.7098636627197266,1.495266318321228,0.5266565084457397
276,pred,0.6027854681015015,1.1411645412445068,0.48469170928001404
277,outdated,0.4089798629283905,0.49953198432922363,0.8594085574150085
277,pred,0.40462514758110046,0.4411936402320862,0.8160776495933533
278,outdated,0.9232779741287231,0.6025859713554382,0.6732606291770935
278,pred,0.8642857074737549,0.6232019066810608,0.6138874888420105
279,outdated,0.8883651494979858,1.3622725009918213,0.08207815140485764
279,pred,0.8360714912414551,1.21711266040802,0.08820396661758423
280,outdated,0.5972912311553955,1.1271169185638428,0.3774986267089844
280,pred,0.4994364082813263,0.8332343697547913,0.45385801792144775
281,outdated,0.5898784399032593,1.5650993585586548,0.5730734467506409
281,pred,0.4447389245033264,0.8657410740852356,0.6210883259773254
282,outdated,0.4722643494606018,1.0392037630081177,0.5281563401222229
282,pred,0.4292399287223816,0.879391610622406,0.4716853201389313
283,outdated,0.6723843216896057,0.836841344833374,0.5586313605308533
283,pred,0.6617770791053772,0.8361795544624329,0.4786530137062073
284,outdated,0.4776003062725067,0.8986653685569763,0.4791848063468933
284,pred,0.48114222288131714,0.8073745965957642,0.4610103964805603
285,outdated,0.9261715412139893,1.216634750366211,0.6992749571800232
285,pred,0.8338150382041931,0.9836385250091553,0.7408962845802307
286,outdated,0.6122018694877625,1.2516868114471436,0.3962353765964508
286,pred,0.5377068519592285,1.0138189792633057,0.35718363523483276
287,outdated,0.9551166296005249,2.452948808670044,0.42943671345710754
287,pred,0.8240618705749512,1.8408877849578857,0.4170629680156708
288,outdated,0.7925302982330322,1.5915461778640747,0.540136456489563
288,pred,0.6452919244766235,1.1692476272583008,0.5543578863143921
289,outdated,0.7215139865875244,0.905860185623169,0.33227816224098206
289,pred,0.7167955636978149,0.9157765507698059,0.3014790117740631
290,outdated,0.7796018719673157,1.8864147663116455,0.3950216770172119
290,pred,0.7494760751724243,1.6563959121704102,0.3918066620826721
291,outdated,0.5174961090087891,0.524944007396698,0.7175473570823669
291,pred,0.5499130487442017,0.48669907450675964,0.7678765654563904
292,outdated,0.8469303846359253,3.031766653060913,0.4569647014141083
292,pred,0.6803225874900818,2.0444705486297607,0.3663312792778015
293,outdated,0.9740891456604004,0.9707152247428894,0.5874748229980469
293,pred,0.9497115612030029,0.9260270595550537,0.5391492247581482
294,outdated,0.7396324872970581,1.2146308422088623,0.44913819432258606
294,pred,0.6264559030532837,0.8958724141120911,0.45587947964668274
295,outdated,0.6237319707870483,1.6584049463272095,0.5654292106628418
295,pred,0.5970816612243652,1.3242939710617065,0.5623828172683716
296,outdated,0.9961912631988525,1.8589105606079102,0.13109053671360016
296,pred,0.8537102937698364,1.3884875774383545,0.2101680487394333
297,outdated,0.7287219166755676,3.543020248413086,0.40528351068496704
297,pred,0.5794670581817627,2.2514796257019043,0.39668747782707214
298,outdated,0.9949015974998474,1.7065047025680542,0.14651477336883545
298,pred,0.9131388664245605,1.2697055339813232,0.15419889986515045
299,outdated,0.683160662651062,1.0370872020721436,0.8665066361427307
299,pred,0.6504104137420654,0.9699862599372864,0.8347843885421753
300,outdated,0.4012439250946045,1.9771125316619873,0.6583443880081177
300,pred,0.3298274874687195,1.013257384300232,0.6606484651565552
301,outdated,0.6721839904785156,1.1271181106567383,0.7221022248268127
301,pred,0.6608489751815796,0.9369872212409973,0.7058883309364319
302,outdated,0.8683395385742188,1.0098040103912354,0.4633541405200958
302,pred,0.8268676996231079,0.8544245362281799,0.4940721094608307
303,outdated,0.742779552936554,1.127313494682312,0.7238156795501709
303,pred,0.6678099036216736,0.89654141664505,0.7035472989082336
304,outdated,0.5487911701202393,0.8094622492790222,0.6675045490264893
304,pred,0.47054004669189453,0.6689819097518921,0.7387155294418335
305,outdated,0.7653853893280029,3.2189009189605713,0.47099989652633667
305,pred,0.5265436172485352,1.5308505296707153,0.5696316361427307
306,outdated,0.7136037349700928,1.1276859045028687,0.41391342878341675
306,pred,0.6239455938339233,0.9688974618911743,0.3787280023097992
307,outdated,0.9125287532806396,3.3528668880462646,0.33403369784355164
307,pred,0.7398394346237183,2.279953718185425,0.38011372089385986
308,outdated,0.576988697052002,2.033149480819702,0.4006478488445282
308,pred,0.465626060962677,1.295885682106018,0.40601837635040283
309,outdated,0.4040752053260803,0.8263949751853943,0.48995763063430786
309,pred,0.36461618542671204,0.7084651589393616,0.5688071846961975
310,outdated,0.6445650458335876,0.7703827619552612,0.5608963966369629
310,pred,0.5849956274032593,0.7536891102790833,0.5192907452583313
311,outdated,0.4021936357021332,0.5248156785964966,0.7709625959396362
311,pred,0.4521018862724304,0.5961354970932007,0.6716192364692688
312,outdated,0.7198536992073059,1.0199655294418335,0.5474188327789307
312,pred,0.6681548357009888,0.936616063117981,0.4867095947265625
313,outdated,0.9467968344688416,1.6794211864471436,0.5588050484657288
313,pred,0.895017147064209,1.405517339706421,0.5715327858924866
314,outdated,0.4886733591556549,0.627060055732727,0.7410664558410645
314,pred,0.509156346321106,0.6306546926498413,0.726545512676239
315,outdated,0.5697629451751709,1.0572173595428467,0.5335878133773804
315,pred,0.5374798774719238,0.8808791637420654,0.59486323595047
316,outdated,0.44892624020576477,0.5433877110481262,0.9404666423797607
316,pred,0.4258045554161072,0.490987092256546,0.9309749603271484
317,outdated,0.3740273416042328,0.4420458972454071,0.7874385118484497
317,pred,0.41466933488845825,0.41904959082603455,0.7675597667694092
318,outdated,0.8701447248458862,3.4134600162506104,0.432717889547348
318,pred,0.5133357644081116,1.402321219444275,0.48746007680892944
319,outdated,0.6572697758674622,2.8348186016082764,0.6218532919883728
319,pred,0.5759841203689575,1.806357979774475,0.6087015271186829
320,outdated,0.9892308115959167,2.3333277702331543,0.27164676785469055
320,pred,0.8426022529602051,1.8974109888076782,0.22479946911334991
321,outdated,0.3851262629032135,0.4981043040752411,0.7864343523979187
321,pred,0.38702693581581116,0.4135022461414337,0.7827546000480652
322,outdated,0.659339189529419,1.5566377639770508,0.6980280876159668
322,pred,0.6263221502304077,1.2463150024414062,0.7343034148216248
323,outdated,0.43430858850479126,0.8560319542884827,0.5886887311935425
323,pred,0.4283832311630249,0.7871869206428528,0.5669159293174744
324,outdated,0.8038610219955444,3.0220720767974854,0.47074276208877563
324,pred,0.725974440574646,2.2230734825134277,0.6002321839332581
325,outdated,0.5957550406455994,0.5579953193664551,0.7143998146057129
325,pred,0.6012678146362305,0.595164954662323,0.7115916609764099
326,outdated,0.7612912654876709,3.0086510181427,0.5545347332954407
326,pred,0.6074880361557007,1.876379132270813,0.6135179400444031
327,outdated,0.682418942451477,1.0689020156860352,0.16374821960926056
327,pred,0.6583360433578491,0.9622052907943726,0.2280908077955246
328,outdated,0.8124246597290039,1.751894474029541,0.5344215631484985
328,pred,0.7238255739212036,1.3404552936553955,0.5575723648071289
329,outdated,0.5278267860412598,1.2267955541610718,0.6065640449523926
329,pred,0.4807911217212677,1.0500726699829102,0.514877438545227
330,outdated,0.6388787031173706,1.1484071016311646,0.5639422535896301
330,pred,0.5205246806144714,0.765795111656189,0.5846312046051025
331,outdated,0.5556057691574097,1.0358508825302124,0.33064451813697815
331,pred,0.5017538070678711,0.8454364538192749,0.40756091475486755
332,outdated,0.8953072428703308,1.5899312496185303,0.27433881163597107
332,pred,0.7910997867584229,1.232183575630188,0.2610754668712616
333,outdated,0.6324896812438965,0.5391170978546143,0.7615625858306885
333,pred,0.6757346391677856,0.6432086825370789,0.832826554775238
334,outdated,0.7269551753997803,0.8890113830566406,0.6931226253509521
334,pred,0.7412824630737305,0.8492823243141174,0.6809572577476501
335,outdated,0.6791538000106812,0.8736832737922668,0.6425139307975769
335,pred,0.5842622518539429,0.7601550817489624,0.6534301042556763
336,outdated,0.7635350823402405,4.240118503570557,0.2825019061565399
336,pred,0.556056797504425,2.307570219039917,0.369392991065979
337,outdated,1.0259045362472534,1.3226358890533447,0.0867176502943039
337,pred,1.0087180137634277,1.2045623064041138,0.14009667932987213
338,outdated,0.6738154292106628,1.029812216758728,0.6959266066551208
338,pred,0.5596301555633545,0.6933785080909729,0.750349223613739
339,outdated,0.4676465094089508,0.4306289553642273,0.8316707015037537
339,pred,0.5039883852005005,0.36314183473587036,0.8282071948051453
340,outdated,0.47115710377693176,0.840052604675293,0.7944157123565674
340,pred,0.45255351066589355,0.7369052767753601,0.8557482361793518
341,outdated,0.6992238759994507,1.8319571018218994,0.4392545223236084
341,pred,0.5129930973052979,1.2551751136779785,0.41869962215423584
342,outdated,0.5745998024940491,2.278310775756836,0.666133463382721
342,pred,0.41301894187927246,1.2868139743804932,0.6016566753387451
343,outdated,0.7689134478569031,1.5954747200012207,0.28316760063171387
343,pred,0.6485754251480103,1.1531440019607544,0.27762648463249207
344,outdated,0.33706119656562805,0.33104759454727173,0.8360571265220642
344,pred,0.355829119682312,0.3803800940513611,0.8319424986839294
345,outdated,0.5736007690429688,0.6742010116577148,0.6083932518959045
345,pred,0.565595269203186,0.6772899031639099,0.5722730755805969
346,outdated,0.9087119102478027,1.3309838771820068,0.14967478811740875
346,pred,0.8741579055786133,1.1912535429000854,0.10829797387123108
347,outdated,0.8091893196105957,4.170299530029297,0.4005305767059326
347,pred,0.6054186820983887,2.0959699153900146,0.45934295654296875
348,outdated,0.39687037467956543,0.5557277798652649,0.8728146553039551
348,pred,0.3117961883544922,0.36210834980010986,0.8812636137008667
349,outdated,0.9297823905944824,1.4911222457885742,0.42728257179260254
349,pred,0.7690397500991821,0.9714276194572449,0.47151288390159607
350,outdated,1.0263843536376953,2.7858543395996094,0.23152461647987366
350,pred,0.8350963592529297,1.8254514932632446,0.25725609064102173
351,outdated,0.9140630960464478,0.9863093495368958,0.3546115458011627
351,pred,0.8513593673706055,0.8493221402168274,0.3958154022693634
352,outdated,0.5823783278465271,0.7224870920181274,0.6622732877731323
352,pred,0.5304239988327026,0.6270280480384827,0.7075513601303101
353,outdated,0.7095651626586914,2.1417107582092285,0.4798353612422943
353,pred,0.5953730344772339,1.3546274900436401,0.5340225696563721
354,outdated,0.7488051056861877,1.6214271783828735,0.7808772325515747
354,pred,0.5705856084823608,0.952234148979187,0.760968804359436
355,outdated,0.5667982697486877,1.2243199348449707,0.619972825050354
355,pred,0.4556906223297119,0.8035095930099487,0.5816596746444702
356,outdated,0.8596905469894409,1.6047853231430054,0.4774141311645508
356,pred,0.7598905563354492,1.2244486808776855,0.5142771005630493
357,outdated,0.682899534702301,1.7270891666412354,0.3935543894767761
357,pred,0.5479775667190552,1.2673850059509277,0.39829862117767334
358,outdated,0.5926584005355835,0.4891732633113861,0.7609352469444275
358,pred,0.5984079241752625,0.5126562714576721,0.7340330481529236
359,outdated,0.5004960894584656,0.43365830183029175,0.8011911511421204
359,pred,0.5005366802215576,0.4550582468509674,0.7945776581764221
360,outdated,0.6362837553024292,0.7059049606323242,0.6195196509361267
360,pred,0.6531126499176025,0.6985341310501099,0.5945066213607788
361,outdated,0.476534903049469,0.8244529962539673,0.8426252007484436
361,pred,0.3849875330924988,0.42807871103286743,0.832021951675415
362,outdated,0.7827821969985962,1.196508765220642,0.22402653098106384
362,pred,0.6941500902175903,1.0230094194412231,0.28352952003479004
363,outdated,0.8070968389511108,2.9657671451568604,0.4686990976333618
363,pred,0.663995087146759,2.108123779296875,0.4341544210910797
364,outdated,0.6921354532241821,1.3219407796859741,0.2978435158729553
364,pred,0.6781997680664062,1.0913217067718506,0.28230223059654236
365,outdated,0.6753557920455933,3.8283462524414062,0.4881475269794464
365,pred,0.531988799571991,2.01689076423645,0.47761017084121704
366,outdated,0.7962112426757812,1.357637643814087,0.6024083495140076
366,pred,0.6212971806526184,0.9176916480064392,0.5761862397193909
367,outdated,0.6331092119216919,0.6872863173484802,0.6290208697319031
367,pred,0.6559540033340454,0.6814802289009094,0.6034246683120728
368,outdated,0.8799601793289185,1.935211181640625,0.13939453661441803
368,pred,0.7492421865463257,1.4101464748382568,0.13717618584632874
369,outdated,1.0236351490020752,1.2797489166259766,0.23761560022830963
369,pred,0.9607301950454712,1.1469060182571411,0.18698103725910187
370,outdated,0.6555363535881042,2.8138492107391357,0.6159065365791321
370,pred,0.5352741479873657,1.7737574577331543,0.6230378150939941
371,outdated,0.4353461265563965,0.44587141275405884,0.8299238085746765
371,pred,0.5222858190536499,0.5488330125808716,0.8203892111778259
372,outdated,0.9254735708236694,2.821542739868164,0.47012749314308167
372,pred,0.791051983833313,1.9761873483657837,0.4778401851654053
373,outdated,0.5651168823242188,0.9235791563987732,0.5086426138877869
373,pred,0.49020057916641235,0.7608249187469482,0.6129956841468811
374,outdated,0.614013671875,1.3445899486541748,0.4345497190952301
374,pred,0.5696723461151123,1.1783086061477661,0.39326211810112
375,outdated,0.6820548176765442,2.189059019088745,0.1999608725309372
375,pred,0.6020342111587524,1.7582061290740967,0.2494850605726242
376,outdated,0.8028836250305176,1.5507091283798218,0.4770849347114563
376,pred,0.6915368437767029,1.167064905166626,0.4252796173095703
377,outdated,0.5742489695549011,1.783608078956604,0.49613383412361145
377,pred,0.43057096004486084,1.1322203874588013,0.4898127317428589
378,outdated,0.9220396876335144,1.074628233909607,0.2715096175670624
378,pred,0.8726710677146912,0.9673126935958862,0.27917563915252686
379,outdated,1.0272066593170166,2.4011707305908203,0.3783799111843109
379,pred,0.9021554589271545,1.8571232557296753,0.3552674949169159
380,outdated,0.6737180948257446,0.8244398236274719,0.677731454372406
380,pred,0.6203569173812866,0.7603070139884949,0.6377795934677124
381,outdated,0.6422170996665955,1.0296156406402588,0.3877078890800476
381,pred,0.599617063999176,0.9174271821975708,0.3580873906612396
382,outdated,0.5250135660171509,0.6309409737586975,0.726638913154602
382,pred,0.4405825138092041,0.5110606551170349,0.7448572516441345
383,outdated,0.9138171076774597,1.0483345985412598,0.4166518747806549
383,pred,0.8869879245758057,0.9351864457130432,0.39042288064956665
384,outdated,0.6517966985702515,0.5164510607719421,0.7491703033447266
384,pred,0.5763465166091919,0.4373472034931183,0.7684679627418518
385,outdated,1.064334511756897,0.9127891659736633,0.44042837619781494
385,pred,1.0333402156829834,0.8505242466926575,0.46726641058921814
386,outdated,0.6988469362258911,0.7602550983428955,0.5444434881210327
386,pred,0.7189859747886658,0.7711840867996216,0.5043979287147522
387,outdated,0.3398497700691223,0.5831705927848816,0.7679517865180969
387,pred,0.30777257680892944,0.4656488597393036,0.7488242983818054
388,outdated,0.5133810043334961,0.7785872220993042,0.6613262891769409
388,pred,0.5143783688545227,0.737174391746521,0.6794396042823792
389,outdated,0.8803739547729492,3.789682626724243,0.6704696416854858
389,pred,0.7026114463806152,2.354398727416992,0.6914363503456116
390,outdated,0.7781981229782104,1.7323591709136963,0.2739567756652832
390,pred,0.66238933801651,1.4097700119018555,0.18330185115337372
391,outdated,0.5848841667175293,2.3899052143096924,0.7665668725967407
391,pred,0.5318031907081604,1.84915292263031,0.7832843065261841
392,outdated,0.7660310864448547,4.1438422203063965,0.5222176909446716
392,pred,0.5032665133476257,2.052065849304199,0.5246649384498596
393,outdated,0.5467039942741394,0.6016769409179688,0.6658849716186523
393,pred,0.5253576040267944,0.6110184192657471,0.6365365982055664
394,outdated,0.9699736833572388,1.3390616178512573,0.3287492096424103
394,pred,0.7935432195663452,0.9424120783805847,0.39295414090156555
395,outdated,0.8909698724746704,0.9164834022521973,0.6929391622543335
395,pred,0.9002465605735779,0.9283739924430847,0.6136423945426941
396,outdated,0.9750227332115173,1.2230242490768433,0.5810300707817078
396,pred,0.9232627153396606,1.0725919008255005,0.46707236766815186
397,outdated,0.535718560218811,0.561313807964325,0.8022245764732361
397,pred,0.44411665201187134,0.42923200130462646,0.7839148044586182
398,outdated,0.5206872224807739,0.637583315372467,0.6720337271690369
398,pred,0.5351290702819824,0.6280406713485718,0.6287582516670227
399,outdated,0.7755887508392334,3.1023881435394287,0.5327370166778564
399,pred,0.6687328815460205,1.9285643100738525,0.5461264848709106
400,outdated,0.545472264289856,2.472115993499756,0.5214626789093018
400,pred,0.3874290883541107,1.5576317310333252,0.4989252984523773
401,outdated,0.7641079425811768,2.2147796154022217,0.29107773303985596
401,pred,0.6119728684425354,1.507910132408142,0.26751914620399475
402,outdated,0.8447834849357605,1.2373535633087158,0.5447776913642883
402,pred,0.7087724804878235,0.9627734422683716,0.47001713514328003
403,outdated,0.7289823293685913,0.7326796054840088,0.5381336808204651
403,pred,0.7542719841003418,0.711259663105011,0.5390751361846924
404,outdated,0.535685658454895,2.2280194759368896,0.47207900881767273
404,pred,0.4831465482711792,1.7005585432052612,0.407267302274704
405,outdated,0.8371908664703369,2.545212984085083,0.41734394431114197
405,pred,0.5449748039245605,1.1866183280944824,0.44942110776901245
406,outdated,0.45015761256217957,0.4112357497215271,0.8325358629226685
406,pred,0.5290921330451965,0.49145111441612244,0.8266885280609131
407,outdated,0.8020120859146118,1.159401774406433,0.6887344717979431
407,pred,0.7181215882301331,0.9473939538002014,0.7199590802192688
408,outdated,0.3902357220649719,1.7990912199020386,0.7038350105285645
408,pred,0.33482033014297485,1.0783275365829468,0.7281073331832886
409,outdated,0.8939307928085327,3.02030873298645,0.33902978897094727
409,pred,0.7137643694877625,1.9518505334854126,0.28041166067123413
410,outdated,0.7349045276641846,0.7261390089988708,0.5968408584594727
410,pred,0.6968468427658081,0.6781337261199951,0.5739936828613281
411,outdated,0.7828315496444702,1.239611268043518,0.5431306958198547
411,pred,0.6432876586914062,0.8888880014419556,0.5215854644775391
412,outdated,0.8851439356803894,2.324739456176758,0.5583488345146179
412,pred,0.7532595992088318,1.5909701585769653,0.47987112402915955
413,outdated,0.43511900305747986,0.8741850852966309,0.513685941696167
413,pred,0.4571388363838196,0.7715166211128235,0.49127572774887085
414,outdated,0.5477067232131958,1.141782522201538,0.5492179989814758
414,pred,0.5331717729568481,1.1098238229751587,0.4967396855354309
415,outdated,0.6047098636627197,1.3439521789550781,0.4905080497264862
415,pred,0.5266016721725464,0.9180418252944946,0.5667067170143127
416,outdated,0.55858314037323,0.450524240732193,0.7700674533843994
416,pred,0.6191394925117493,0.5332534909248352,0.7747172117233276
417,outdated,0.48993152379989624,1.0685116052627563,0.819780707359314
417,pred,0.3566758632659912,0.6034072041511536,0.7598267793655396
418,outdated,0.3594658076763153,0.8900262117385864,0.7299877405166626
418,pred,0.2692582905292511,0.48937302827835083,0.7710378766059875
419,outdated,0.6474425792694092,1.2035821676254272,0.5696693062782288
419,pred,0.6001226305961609,1.0325464010238647,0.535169243812561
420,outdated,0.5563934445381165,1.2178642749786377,0.7188597917556763
420,pred,0.43581196665763855,0.6842526197433472,0.7166846990585327
421,outdated,0.567806601524353,2.6569135189056396,0.47258350253105164
421,pred,0.452617883682251,1.7461802959442139,0.4090528190135956
422,outdated,0.5752382874488831,0.9495536088943481,0.8323458433151245
422,pred,0.5308681726455688,0.8049641251564026,0.84175705909729
423,outdated,0.8295071125030518,1.1458643674850464,0.613534152507782
423,pred,0.6641249656677246,0.6839452981948853,0.6305474042892456
424,outdated,1.202033519744873,3.5964927673339844,0.5193924307823181
424,pred,0.9997342824935913,2.4390101432800293,0.47933369874954224
425,outdated,0.6136337518692017,0.7619127631187439,0.6675475239753723
425,pred,0.5604751110076904,0.6790703535079956,0.648805558681488
426,outdated,1.3137578964233398,1.195890188217163,0.43010154366493225
426,pred,1.2163152694702148,1.0181286334991455,0.4352492690086365
427,outdated,0.7525830268859863,1.479581594467163,0.5747319459915161
427,pred,0.7025243043899536,1.29634428024292,0.5477573871612549
428,outdated,0.5640642642974854,0.9909985661506653,0.35243716835975647
428,pred,0.5681803226470947,0.962796688079834,0.33427539467811584
429,outdated,0.45641523599624634,0.3619973957538605,0.8223631978034973
429,pred,0.4771645665168762,0.3713779151439667,0.8077306747436523
430,outdated,1.1886051893234253,1.7238774299621582,0.5342269539833069
430,pred,1.1074788570404053,1.4614337682724,0.5830408930778503
431,outdated,0.5343641042709351,1.4338163137435913,0.5705443024635315
431,pred,0.46655839681625366,1.179294466972351,0.48879897594451904
432,outdated,0.9720812439918518,2.186018705368042,0.6952993869781494
432,pred,0.8651836514472961,1.7205113172531128,0.6550460457801819
433,outdated,0.5416762232780457,0.9645079970359802,0.7378116250038147
433,pred,0.5205774307250977,0.7684268355369568,0.7759265899658203
434,outdated,0.4454447031021118,0.6573326587677002,0.8195046782493591
434,pred,0.4472525715827942,0.6067034602165222,0.7369064092636108
435,outdated,1.133643388748169,1.8504307270050049,0.4899234175682068
435,pred,1.0045052766799927,1.4612942934036255,0.4448153078556061
436,outdated,0.7124999761581421,1.4991930723190308,0.566750705242157
436,pred,0.5971167087554932,1.045570969581604,0.5607138276100159
437,outdated,0.7297701835632324,4.360476016998291,0.5122901797294617
437,pred,0.4868706464767456,1.9481967687606812,0.551981508731842
438,outdated,0.6405788064002991,1.2943693399429321,0.7626013159751892
438,pred,0.4343169033527374,0.4875880181789398,0.8109117150306702
439,outdated,0.7457780838012695,0.4781408905982971,0.7381317019462585
439,pred,0.7938591241836548,0.5217651724815369,0.7514360547065735
440,outdated,0.5267167091369629,0.8946959376335144,0.5403162837028503
440,pred,0.4690234959125519,0.7029261589050293,0.5637941360473633
441,outdated,0.9693533182144165,2.799675226211548,0.12790615856647491
441,pred,0.8575402498245239,2.0755503177642822,0.08990135043859482
442,outdated,0.5945453643798828,1.165025234222412,0.7761605381965637
442,pred,0.5060449838638306,0.8258550763130188,0.7436255812644958
443,outdated,0.4668703079223633,2.0238912105560303,0.7892655730247498
443,pred,0.389454185962677,1.4535704851150513,0.7131460905075073
444,outdated,0.53471839427948,2.2313427925109863,0.43515583872795105
444,pred,0.4433635175228119,1.508823275566101,0.407062292098999
445,outdated,0.5911319255828857,0.7695527076721191,0.6217167973518372
445,pred,0.5282137393951416,0.5950092673301697,0.6853053569793701
446,outdated,0.6582102179527283,1.6958826780319214,0.6253739595413208
446,pred,0.36764538288116455,0.731817901134491,0.629757285118103
447,outdated,0.6428567171096802,2.031442880630493,0.38044434785842896
447,pred,0.555972695350647,1.6522196531295776,0.4073432981967926
448,outdated,0.772620677947998,0.9373130798339844,0.6093132495880127
448,pred,0.7167937755584717,0.8535351753234863,0.6898083686828613
449,outdated,0.4616287052631378,0.4395303428173065,0.7771678566932678
449,pred,0.40224313735961914,0.3868418037891388,0.8562644124031067
450,outdated,0.5102415084838867,0.5441685318946838,0.6873232126235962
450,pred,0.5443748235702515,0.5870748162269592,0.6809611916542053
451,outdated,0.5363643765449524,3.062032461166382,0.8058469295501709
451,pred,0.41609424352645874,1.9540904760360718,0.7969304323196411
452,outdated,0.819090723991394,2.4576168060302734,0.495300829410553
452,pred,0.7044241428375244,1.5547882318496704,0.5353738069534302
453,outdated,0.6911189556121826,1.0962978601455688,0.3568972647190094
453,pred,0.596493661403656,0.8868879675865173,0.4474407136440277
454,outdated,0.6518624424934387,6.696584224700928,0.8734145164489746
454,pred,0.3947099447250366,2.465765953063965,0.8590329885482788
455,outdated,0.8267791867256165,2.1620473861694336,0.16664756834506989
455,pred,0.777836263179779,1.6690242290496826,0.1068054661154747
456,outdated,0.5482807159423828,1.5434550046920776,0.38205939531326294
456,pred,0.4920087158679962,1.2244374752044678,0.46112877130508423
457,outdated,0.6569401025772095,0.8429417610168457,0.5638260245323181
457,pred,0.6571016311645508,0.7689757943153381,0.5325997471809387
458,outdated,0.5189707279205322,0.607917308807373,0.7888023853302002
458,pred,0.5345041751861572,0.47741854190826416,0.7525022029876709
459,outdated,0.36603397130966187,0.22668704390525818,0.8795195817947388
459,pred,0.40829673409461975,0.2710041105747223,0.9094351530075073
460,outdated,0.7485858201980591,1.0083688497543335,0.6292539238929749
460,pred,0.6475697755813599,0.8033320903778076,0.6431697607040405
461,outdated,0.7317455410957336,1.0677589178085327,0.8292903900146484
461,pred,0.5518792867660522,0.5877906680107117,0.8369850516319275
462,outdated,0.7014110088348389,1.1705851554870605,0.5708631873130798
462,pred,0.5865959525108337,0.8482162356376648,0.5341950058937073
463,outdated,0.6879883408546448,0.8456025123596191,0.49789783358573914
463,pred,0.6612199544906616,0.8112587332725525,0.47977763414382935
464,outdated,0.9231407046318054,1.924225091934204,0.6103424429893494
464,pred,0.6521221399307251,1.1870745420455933,0.5793867707252502
465,outdated,0.7086573839187622,2.955796957015991,0.5115038752555847
465,pred,0.4575401842594147,1.2867398262023926,0.538913369178772
466,outdated,0.4158046245574951,0.34891173243522644,0.8936341404914856
466,pred,0.3273879885673523,0.2428409308195114,0.8778138756752014
467,outdated,0.7284610271453857,1.5659468173980713,0.6650779843330383
467,pred,0.5116080045700073,0.7454116344451904,0.6992145776748657
468,outdated,0.5761308670043945,0.8811740875244141,0.7192133069038391
468,pred,0.586484432220459,0.8877317905426025,0.6621312499046326
469,outdated,0.859123945236206,0.7912054061889648,0.4849565327167511
469,pred,0.8458142280578613,0.7596153020858765,0.49338042736053467
470,outdated,0.43784981966018677,0.627393901348114,0.7898552417755127
470,pred,0.4182654917240143,0.5777009725570679,0.7805435657501221
471,outdated,0.9820275902748108,2.4869465827941895,0.29785341024398804
471,pred,0.8277004957199097,1.8927658796310425,0.35836851596832275
472,outdated,0.6700785756111145,3.784778356552124,0.2835567593574524
472,pred,0.5512114763259888,2.569718360900879,0.2668052613735199
473,outdated,0.8968362808227539,1.7985844612121582,0.439231812953949
473,pred,0.6814268231391907,1.1468384265899658,0.5089520215988159
474,outdated,0.4876815676689148,1.506287932395935,0.342099130153656
474,pred,0.41934359073638916,1.1244393587112427,0.30841249227523804
475,outdated,0.4813750684261322,0.5296333432197571,0.7756676077842712
475,pred,0.4344133734703064,0.3731408417224884,0.8242284059524536
476,outdated,0.5459566712379456,1.0939728021621704,0.5325673222541809
476,pred,0.4602915644645691,0.8058986663818359,0.5217056274414062
477,outdated,0.6898108720779419,0.892758846282959,0.4902336299419403
477,pred,0.6896880269050598,0.851481020450592,0.5839513540267944
478,outdated,0.303483784198761,0.2278045415878296,0.9096719026565552
478,pred,0.296517938375473,0.23361988365650177,0.9273970127105713
479,outdated,0.6394007802009583,0.5395973324775696,0.6813905239105225
479,pred,0.6134934425354004,0.572320818901062,0.6776699423789978
480,outdated,0.5671298503875732,0.49699461460113525,0.845667839050293
480,pred,0.5009292364120483,0.42525455355644226,0.821517825126648
481,outdated,0.6437602043151855,1.8000530004501343,0.48835867643356323
481,pred,0.494594544172287,1.0151718854904175,0.4868144989013672
482,outdated,0.44048723578453064,0.708579957485199,0.7340645790100098
482,pred,0.33323991298675537,0.6135896444320679,0.681043803691864
483,outdated,0.445173054933548,1.883448839187622,0.5858315825462341
483,pred,0.33590447902679443,0.9883308410644531,0.587868332862854
484,outdated,0.6981594562530518,2.3211941719055176,0.4136642515659332
484,pred,0.5633658170700073,1.4782670736312866,0.36624905467033386
485,outdated,0.745922327041626,1.4052199125289917,0.5117359161376953
485,pred,0.65213942527771,1.012467384338379,0.5074005126953125
486,outdated,0.6153751611709595,1.1527965068817139,0.537508487701416
486,pred,0.5221941471099854,0.7653191089630127,0.5648027062416077
487,outdated,0.5616540908813477,0.9619819521903992,0.42265528440475464
487,pred,0.5187214612960815,0.8637633919715881,0.3906552791595459
488,outdated,0.5737367272377014,2.940917730331421,0.4435744881629944
488,pred,0.43323686718940735,1.8032045364379883,0.43080198764801025
489,outdated,0.8173674941062927,2.2820348739624023,0.13945487141609192
489,pred,0.7172909379005432,1.6620386838912964,0.1505368947982788
490,outdated,0.7704782485961914,1.4932851791381836,0.45079368352890015
490,pred,0.5554369688034058,1.1503998041152954,0.4541613757610321
491,outdated,0.6462737321853638,1.7062113285064697,0.7716985940933228
491,pred,0.43754854798316956,0.7875695824623108,0.769860565662384
492,outdated,0.5029069781303406,0.9050644636154175,0.46490707993507385
492,pred,0.4841102361679077,0.8995711207389832,0.4388878643512726
493,outdated,0.7549949288368225,0.9125288724899292,0.6550106406211853
493,pred,0.7607265710830688,0.7686828970909119,0.563493549823761
494,outdated,1.0327858924865723,2.9131596088409424,0.5439087152481079
494,pred,0.838878333568573,1.8956795930862427,0.46002286672592163
495,outdated,0.8412508964538574,1.6198736429214478,0.35227957367897034
495,pred,0.6612310409545898,1.1477248668670654,0.33345288038253784
496,outdated,0.43446996808052063,1.024153709411621,0.7380365133285522
496,pred,0.34475642442703247,0.6622011065483093,0.7027890682220459
497,outdated,0.7213162183761597,0.5309761166572571,0.8751310706138611
497,pred,0.7707313299179077,0.5912442207336426,0.8623457551002502
498,outdated,0.7810351848602295,2.179046392440796,0.378802627325058
498,pred,0.5759190320968628,1.190685510635376,0.4232806861400604
499,outdated,0.6211705803871155,0.7731952667236328,0.7644944787025452
499,pred,0.5148594379425049,0.4898622930049896,0.7636563181877136
